<?xml version="1.0"?>
<VarLinks>
  <OwnerA Name="TIPC^PlcProject^PlcProject Instance">
    <OwnerB Name="TIID^Device 1 (EtherCAT)^Term 1 (EK1100)^Term 3 (EL1018)">
      <Link VarA="PlcTask Inputs^Peripherals.BinIo.bus_101K201A" VarB="Channel 2^_101K201A" />
      <Link VarA="PlcTask Inputs^Peripherals.BinIo.bus_101K201B" VarB="Channel 1^_101K201B" />
      <Link VarA="PlcTask Inputs^Peripherals.BinIo.bus_101K301A" VarB="Channel 4^_101K301A" />
      <Link VarA="PlcTask Inputs^Peripherals.BinIo.bus_101K301B" VarB="Channel 3^_101K301B" />
      <Link VarA="PlcTask Inputs^Peripherals.BinIo.bus_101K401A" VarB="Channel 6^_101K401A" />
      <Link VarA="PlcTask Inputs^Peripherals.BinIo.bus_101K401B" VarB="Channel 5^_101K401B" />
      <Link VarA="PlcTask Inputs^Peripherals.BinIo.bus_101K501A" VarB="Channel 8^_101K501A" />
      <Link VarA="PlcTask Inputs^Peripherals.BinIo.bus_101K501B" VarB="Channel 7^_101K501B" />
    </OwnerB>
    <OwnerB Name="TIID^Device 1 (EtherCAT)^Term 1 (EK1100)^Term 4 (EL1018)">
      <Link VarA="PlcTask Inputs^Peripherals.BinIo.bus_201K201A" VarB="Channel 2^_201K201A" />
      <Link VarA="PlcTask Inputs^Peripherals.BinIo.bus_201K201B" VarB="Channel 1^_201K201B" />
      <Link VarA="PlcTask Inputs^Peripherals.BinIo.bus_201K301A" VarB="Channel 4^_201K301A" />
      <Link VarA="PlcTask Inputs^Peripherals.BinIo.bus_201K301B" VarB="Channel 3^_201K301B" />
      <Link VarA="PlcTask Inputs^Peripherals.BinIo.bus_201K401A" VarB="Channel 6^_201K401A" />
      <Link VarA="PlcTask Inputs^Peripherals.BinIo.bus_201K401B" VarB="Channel 5^_201K401B" />
      <Link VarA="PlcTask Inputs^Peripherals.BinIo.bus_201K501A" VarB="Channel 8^_201K501A" />
      <Link VarA="PlcTask Inputs^Peripherals.BinIo.bus_201K501B" VarB="Channel 7^_201K501B" />
    </OwnerB>
    <OwnerB Name="TIID^Device 1 (EtherCAT)^Term 1 (EK1100)^Term 5 (EL2008)">
      <Link VarA="PlcTask Outputs^Peripherals.BinIo.bus_301K201A" VarB="Channel 2^_301K201A" />
      <Link VarA="PlcTask Outputs^Peripherals.BinIo.bus_301K201B" VarB="Channel 1^_301K201B" />
      <Link VarA="PlcTask Outputs^Peripherals.BinIo.bus_301K301A" VarB="Channel 4^_301K301A" />
      <Link VarA="PlcTask Outputs^Peripherals.BinIo.bus_301K301B" VarB="Channel 3^_301K301B" />
      <Link VarA="PlcTask Outputs^Peripherals.BinIo.bus_301K401A" VarB="Channel 6^_301K401A" />
      <Link VarA="PlcTask Outputs^Peripherals.BinIo.bus_301K401B" VarB="Channel 5^_301K401B" />
      <Link VarA="PlcTask Outputs^Peripherals.BinIo.bus_301K501A" VarB="Channel 8^_301K501A" />
      <Link VarA="PlcTask Outputs^Peripherals.BinIo.bus_301K501B" VarB="Channel 7^_301K501B" />
    </OwnerB>
    <OwnerB Name="TIID^Device 1 (EtherCAT)^Term 2 (EK1200)^Term 6 (EL2008)">
      <Link VarA="PlcTask Outputs^Peripherals.BinIo.bus_000SK911_Y32" VarB="Channel 1^_000SK911_Y32" />
      <Link VarA="PlcTask Outputs^Peripherals.BinIo.bus_401K201A" VarB="Channel 2^_401K201A" />
      <Link VarA="PlcTask Outputs^Peripherals.BinIo.bus_401K301A" VarB="Channel 4^_401K301A" />
      <Link VarA="PlcTask Outputs^Peripherals.BinIo.bus_401K301B" VarB="Channel 3^_401K301B" />
      <Link VarA="PlcTask Outputs^Peripherals.BinIo.bus_401K401A" VarB="Channel 6^_401K401A" />
      <Link VarA="PlcTask Outputs^Peripherals.BinIo.bus_401K401B" VarB="Channel 5^_401K401B" />
      <Link VarA="PlcTask Outputs^Peripherals.BinIo.bus_401K501A" VarB="Channel 8^_401K501A" />
      <Link VarA="PlcTask Outputs^Peripherals.BinIo.bus_401K501B" VarB="Channel 7^_401K501B" />
    </OwnerB>
    <OwnerB Name="TIID^Device 1 (EtherCAT)^Term 2 (EK1200)^Term 7 (EL1018)">
      <Link VarA="PlcTask Inputs^Peripherals.BinIo.bus_102K201A" VarB="Channel 2^_102K201A" />
      <Link VarA="PlcTask Inputs^Peripherals.BinIo.bus_102K201B" VarB="Channel 1^_102K201B" />
      <Link VarA="PlcTask Inputs^Peripherals.BinIo.bus_102K301A" VarB="Channel 4^_102K301A" />
      <Link VarA="PlcTask Inputs^Peripherals.BinIo.bus_102K301B" VarB="Channel 3^_102K301B" />
      <Link VarA="PlcTask Inputs^Peripherals.BinIo.bus_102K401A" VarB="Channel 6^_102K401A" />
      <Link VarA="PlcTask Inputs^Peripherals.BinIo.bus_102K401B" VarB="Channel 5^_102K401B" />
      <Link VarA="PlcTask Inputs^Peripherals.BinIo.bus_102K501A" VarB="Channel 8^_102K501A" />
      <Link VarA="PlcTask Inputs^Peripherals.BinIo.bus_102K501B" VarB="Channel 7^_102K501B" />
    </OwnerB>
  </OwnerA>
</VarLinks>