﻿{
  "parameters": [
    {
      "name": "data-tchmi-hmistruct",
      "displayName": "HmiStruct",
      "visible": true,
      "type": "tchmi:server#/definitions/PLC1.CylinderStruct",
      "category": "",
      "description": "",
      "requiredOnCompile": false,
      "readOnly": false,
      "bindable": true,
      "heritable": true,
      "propertyName": "HmiStruct",
      "propertySetterName": "setHmiStruct",
      "propertyGetterName": "getHmiStruct"
    }
  ],
  "virtualRights": [],
  "$schema": "C:/TwinCAT/Functions/TE2000-HMI-Engineering/Infrastructure/TcHmiFramework/Latest/Schema/UserControlConfig.Schema.json",
  "description": ""
}