﻿{
  "parameters": [
    {
      "name": "data-tchmi-ledcontrol",
      "displayName": "LedControl",
      "visible": true,
      "type": "tchmi:general#/definitions/BOOL",
      "category": "",
      "description": "",
      "requiredOnCompile": false,
      "readOnly": false,
      "bindable": true,
      "heritable": true,
      "propertyName": "LedControl",
      "propertySetterName": "setLedControl",
      "propertyGetterName": "getLedControl"
    },
    {
      "name": "data-tchmi-ledoncolor",
      "displayName": "LedOnColor",
      "visible": true,
      "type": "tchmi:framework#/definitions/Color",
      "category": "",
      "description": "",
      "requiredOnCompile": false,
      "readOnly": false,
      "bindable": true,
      "heritable": true,
      "propertyName": "LedOnColor",
      "propertySetterName": "setLedOnColor",
      "propertyGetterName": "getLedOnColor"
    }
  ],
  "virtualRights": [],
  "$schema": "C:/TwinCAT/Functions/TE2000-HMI-Engineering/Infrastructure/TcHmiFramework/Latest/Schema/UserControlConfig.Schema.json",
  "description": ""
}