﻿{
  "parameters": [
    {
      "name": "data-tchmi-targetregion",
      "displayName": "TargetRegion",
      "visible": true,
      "type": "tchmi:framework#/definitions/TcHmiRegion",
      "category": "",
      "description": "",
      "requiredOnCompile": false,
      "readOnly": false,
      "bindable": true,
      "heritable": true,
      "propertyName": "TargetRegion",
      "propertySetterName": "setTargetRegion",
      "propertyGetterName": "getTargetRegion"
    },
    {
      "name": "data-tchmi-targetcontent",
      "displayName": "TargetContent",
      "visible": true,
      "type": "tchmi:framework#/definitions/ContentPath",
      "category": "",
      "description": "",
      "requiredOnCompile": false,
      "readOnly": false,
      "bindable": true,
      "heritable": true,
      "propertyName": "TargetContent",
      "propertySetterName": "setTargetContent",
      "propertyGetterName": "getTargetContent"
    },
    {
      "name": "data-tchmi-text",
      "displayName": "Text",
      "visible": true,
      "type": "tchmi:general#/definitions/String",
      "category": "",
      "description": "",
      "defaultValue": "TabName",
      "requiredOnCompile": false,
      "readOnly": false,
      "bindable": true,
      "heritable": true,
      "propertyName": "Text",
      "propertySetterName": "setText",
      "propertyGetterName": "getText"
    }
  ],
  "virtualRights": [],
  "$schema": "C:/TwinCAT/Functions/TE2000-HMI-Engineering/Infrastructure/TcHmiFramework/Latest/Schema/UserControlConfig.Schema.json",
  "description": ""
}