﻿{
  "parameters": [
    {
      "name": "data-tchmi-minvalue",
      "displayName": "MinValue",
      "visible": true,
      "type": "tchmi:general#/definitions/Number",
      "category": "",
      "description": "",
      "defaultValue": 0.0,
      "defaultValueInternal": 0.0,
      "requiredOnCompile": false,
      "readOnly": false,
      "bindable": true,
      "heritable": true,
      "propertyName": "MinValue",
      "propertySetterName": "setMinValue",
      "propertyGetterName": "getMinValue"
    },
    {
      "name": "data-tchmi-maxvalue",
      "displayName": "MaxValue",
      "visible": true,
      "type": "tchmi:general#/definitions/Number",
      "category": "",
      "description": "",
      "defaultValue": 0.0,
      "defaultValueInternal": 0.0,
      "requiredOnCompile": false,
      "readOnly": false,
      "bindable": true,
      "heritable": true,
      "propertyName": "MaxValue",
      "propertySetterName": "setMaxValue",
      "propertyGetterName": "getMaxValue"
    },
    {
      "name": "data-tchmi-inputtype",
      "displayName": "InputType",
      "visible": true,
      "type": "tchmi:framework#/definitions/InputType",
      "category": "",
      "description": "",
      "defaultValue": "String",
      "defaultValueInternal": "String",
      "requiredOnCompile": false,
      "readOnly": false,
      "bindable": true,
      "heritable": true,
      "propertyName": "InputType",
      "propertySetterName": "setInputType",
      "propertyGetterName": "getInputType"
    },
    {
      "name": "data-tchmi-text",
      "displayName": "Text",
      "visible": true,
      "type": "tchmi:general#/definitions/String",
      "category": "",
      "description": "",
      "requiredOnCompile": false,
      "readOnly": false,
      "bindable": true,
      "heritable": true,
      "propertyName": "Text",
      "propertySetterName": "setText",
      "propertyGetterName": "getText"
    }
  ],
  "virtualRights": [],
  "$schema": "C:/TwinCAT/Functions/TE2000-HMI-Engineering/Infrastructure/TcHmiFramework/Latest/Schema/UserControlConfig.Schema.json",
  "description": ""
}