﻿{
  "function": {
    "name": "LoginUser",
    "displayName": "LoginUser",
    "visible": true,
    "category": "UserManagement",
    "waitMode": "Synchronous",
    "injectContextObject": false,
    "description": "",
    "returnValue": {
      "type": "tchmi:general#/definitions/Boolean"
    },
    "arguments": [
      {
        "name": "Username",
        "displayName": "Username",
        "type": "tchmi:general#/definitions/String",
        "description": "",
        "defaultValue": "",
        "required": true,
        "bindable": true,
        "restParameter": false,
        "asReference": false
      },
      {
        "name": "Password",
        "displayName": "Password",
        "type": "tchmi:general#/definitions/String",
        "description": "",
        "defaultValue": "",
        "required": true,
        "bindable": true,
        "restParameter": false,
        "asReference": false
      }
    ]
  },
  "$schema": "C:/TwinCAT/Functions/TE2000-HMI-Engineering/Infrastructure/TcHmiFramework/Latest/Schema/FunctionDescription.Schema.json"
}