<?xml version="1.0" encoding="utf-8" ?>
<Project>
 <Name>CONFIG1</Name>
 <Author>Wei Xiaohui</Author>
 <Description>PSM3 line/Customer interface</Description>
 <ChangeDate>2017-05-15T05:58:19Z</ChangeDate>
 <CPUs>
  <CPU>
   <Name><![CDATA[PLC1]]></Name>
   <Interfaces>
    <Interface>
     <Name><![CDATA[=000+S-K010/]]></Name>
     <Comment/>
     <Type>ETHERCATPROT</Type>
     <ChannelNo>1</ChannelNo>
     <Boxes>
      <Box>
       <Name><![CDATA[=000+S-K010A]]></Name>
       <Comment/>
       <Type>EK1200</Type>
       <BoxNo>0</BoxNo>
      </Box>     
      <Box>
       <Name><![CDATA[=100+E-K016]]></Name>
       <Comment/>
       <Type>EP1018-0002</Type>
       <BoxNo>14</BoxNo>
       <Variables>
        <Variable>
         <Name><![CDATA[=000+M-B085A:4]]></Name>
         <Comment><![CDATA[main valve
compressed air > 4,5 bar
]]></Comment>
         <IsInput>true</IsInput>
         <IoName><![CDATA[Input]]></IoName>
         <IoGroup>01</IoGroup>
         <IoDataType>BOOL</IoDataType>
        </Variable>
        <Variable>
         <Name><![CDATA[=000+M-B085A:2]]></Name>
         <Comment><![CDATA[main valve
compressed air < 0,3 bar
feedback circuit]]></Comment>
         <IsInput>true</IsInput>
         <IoName><![CDATA[Input]]></IoName>
         <IoGroup>02</IoGroup>
         <IoDataType>BOOL</IoDataType>
        </Variable>
        <Variable>
         <Name><![CDATA[=000+M-B086B1:4]]></Name>
         <Comment><![CDATA[feedback circuit
safety valve
channel 1
switched off]]></Comment>
         <IsInput>true</IsInput>
         <IoName><![CDATA[Input]]></IoName>
         <IoGroup>03</IoGroup>
         <IoDataType>BOOL</IoDataType>
        </Variable>
        <Variable>
         <Name><![CDATA[=100+E-K016X2-B:4]]></Name>
         <Comment><![CDATA[reserve]]></Comment>
         <IsInput>true</IsInput>
         <IoName><![CDATA[Input]]></IoName>
         <IoGroup>04</IoGroup>
         <IoDataType>BOOL</IoDataType>
        </Variable>
        <Variable>
         <Name><![CDATA[=100+M-B227B:4]]></Name>
         <Comment><![CDATA[Safety door cylinder up]]></Comment>
         <IsInput>true</IsInput>
         <IoName><![CDATA[Input]]></IoName>
         <IoGroup>05</IoGroup>
         <IoDataType>BOOL</IoDataType>
        </Variable>
        <Variable>
         <Name><![CDATA[=100+M-B227A:4]]></Name>
         <Comment><![CDATA[Safety door cylinder down]]></Comment>
         <IsInput>true</IsInput>
         <IoName><![CDATA[Input]]></IoName>
         <IoGroup>06</IoGroup>
         <IoDataType>BOOL</IoDataType>
        </Variable>
        <Variable>
         <Name><![CDATA[=100+M-B201B:4]]></Name>
         <Comment><![CDATA[Vertical cylinder  of joining unit up]]></Comment>
         <IsInput>true</IsInput>
         <IoName><![CDATA[Input]]></IoName>
         <IoGroup>07</IoGroup>
         <IoDataType>BOOL</IoDataType>
        </Variable>
        <Variable>
         <Name><![CDATA[=100+M-B201A:4]]></Name>
         <Comment><![CDATA[Vertical cylinder  of joining unit down]]></Comment>
         <IsInput>true</IsInput>
         <IoName><![CDATA[Input]]></IoName>
         <IoGroup>08</IoGroup>
         <IoDataType>BOOL</IoDataType>
        </Variable>
       </Variables>
      </Box>
      <Box>
       <Name><![CDATA[=100+E-K017]]></Name>
       <Comment/>
       <Type>EP1018-0002</Type>
       <BoxNo>15</BoxNo>
       <Variables>
        <Variable>
         <Name><![CDATA[=100+M-B604:4]]></Name>
         <Comment><![CDATA[Fixture checking sensor 1]]></Comment>
         <IsInput>true</IsInput>
         <IoName><![CDATA[Input]]></IoName>
         <IoGroup>01</IoGroup>
         <IoDataType>BOOL</IoDataType>
        </Variable>
        <Variable>
         <Name><![CDATA[=100+M-B605:4]]></Name>
         <Comment><![CDATA[Fixture checking sensor 2]]></Comment>
         <IsInput>true</IsInput>
         <IoName><![CDATA[Input]]></IoName>
         <IoGroup>02</IoGroup>
         <IoDataType>BOOL</IoDataType>
        </Variable>
        <Variable>
         <Name><![CDATA[=100+M-B606:4]]></Name>
         <Comment><![CDATA[Fixture checking sensor 3]]></Comment>
         <IsInput>true</IsInput>
         <IoName><![CDATA[Input]]></IoName>
         <IoGroup>03</IoGroup>
         <IoDataType>BOOL</IoDataType>
        </Variable>
        <Variable>
         <Name><![CDATA[=100+M-B607:4]]></Name>
         <Comment><![CDATA[Fixture checking sensor 4]]></Comment>
         <IsInput>true</IsInput>
         <IoName><![CDATA[Input]]></IoName>
         <IoGroup>04</IoGroup>
         <IoDataType>BOOL</IoDataType>
        </Variable>
        <Variable>
         <Name><![CDATA[=100+M-B651:4]]></Name>
         <Comment><![CDATA[Interface position checking sensor]]></Comment>
         <IsInput>true</IsInput>
         <IoName><![CDATA[Input]]></IoName>
         <IoGroup>05</IoGroup>
         <IoDataType>BOOL</IoDataType>
        </Variable>
        <Variable>
         <Name><![CDATA[=100+E-K017X3-B:4]]></Name>
         <Comment><![CDATA[reserve]]></Comment>
         <IsInput>true</IsInput>
         <IoName><![CDATA[Input]]></IoName>
         <IoGroup>06</IoGroup>
         <IoDataType>BOOL</IoDataType>
        </Variable>
        <Variable>
         <Name><![CDATA[=100+M-B202B:4]]></Name>
         <Comment><![CDATA[Vertical cylinder of handling down]]></Comment>
         <IsInput>true</IsInput>
         <IoName><![CDATA[Input]]></IoName>
         <IoGroup>07</IoGroup>
         <IoDataType>BOOL</IoDataType>
        </Variable>
        <Variable>
         <Name><![CDATA[=100+M-B202A:4]]></Name>
         <Comment><![CDATA[Vertical cylinder of handling up]]></Comment>
         <IsInput>true</IsInput>
         <IoName><![CDATA[Input]]></IoName>
         <IoGroup>08</IoGroup>
         <IoDataType>BOOL</IoDataType>
        </Variable>
       </Variables>
      </Box>
      <Box>
       <Name><![CDATA[=100+E-K018]]></Name>
       <Comment/>
       <Type>EP1018-0002</Type>
       <BoxNo>16</BoxNo>
       <Variables>
        <Variable>
         <Name><![CDATA[=100+M-B601:4]]></Name>
         <Comment><![CDATA[Part present ]]></Comment>
         <IsInput>true</IsInput>
         <IoName><![CDATA[Input]]></IoName>
         <IoGroup>01</IoGroup>
         <IoDataType>BOOL</IoDataType>
        </Variable>
        <Variable>
         <Name><![CDATA[=100+M-B101:4]]></Name>
         <Comment><![CDATA[WPC check (waiting position)]]></Comment>
         <IsInput>true</IsInput>
         <IoName><![CDATA[Input]]></IoName>
         <IoGroup>02</IoGroup>
         <IoDataType>BOOL</IoDataType>
        </Variable>
        <Variable>
         <Name><![CDATA[=100+M-B102:4]]></Name>
         <Comment><![CDATA[WPC check (working position)]]></Comment>
         <IsInput>true</IsInput>
         <IoName><![CDATA[Input]]></IoName>
         <IoGroup>03</IoGroup>
         <IoDataType>BOOL</IoDataType>
        </Variable>
        <Variable>
         <Name><![CDATA[=100+M-B103:4]]></Name>
         <Comment><![CDATA[WPC check (buffer)]]></Comment>
         <IsInput>true</IsInput>
         <IoName><![CDATA[Input]]></IoName>
         <IoGroup>04</IoGroup>
         <IoDataType>BOOL</IoDataType>
        </Variable>
        <Variable>
         <Name><![CDATA[=100+M-B301B:4]]></Name>
         <Comment><![CDATA[Horizontal cylinder of handling retract]]></Comment>
         <IsInput>true</IsInput>
         <IoName><![CDATA[Input]]></IoName>
         <IoGroup>05</IoGroup>
         <IoDataType>BOOL</IoDataType>
        </Variable>
        <Variable>
         <Name><![CDATA[=100+M-B301A:4]]></Name>
         <Comment><![CDATA[Horizontal cylinder of handling extend]]></Comment>
         <IsInput>true</IsInput>
         <IoName><![CDATA[Input]]></IoName>
         <IoGroup>06</IoGroup>
         <IoDataType>BOOL</IoDataType>
        </Variable>
        <Variable>
         <Name><![CDATA[=100+M-B502B:4]]></Name>
         <Comment><![CDATA[Compensation unit open]]></Comment>
         <IsInput>true</IsInput>
         <IoName><![CDATA[Input]]></IoName>
         <IoGroup>07</IoGroup>
         <IoDataType>BOOL</IoDataType>
        </Variable>
        <Variable>
         <Name><![CDATA[=100+M-B502A:4]]></Name>
         <Comment><![CDATA[Compensation unit close]]></Comment>
         <IsInput>true</IsInput>
         <IoName><![CDATA[Input]]></IoName>
         <IoGroup>08</IoGroup>
         <IoDataType>BOOL</IoDataType>
        </Variable>
       </Variables>
      </Box>
      <Box>
       <Name><![CDATA[=100+E-K019]]></Name>
       <Comment/>
       <Type>EP1018-0002</Type>
       <BoxNo>17</BoxNo>
       <Variables>
        <Variable>
         <Name><![CDATA[=100+M-B207B:4]]></Name>
         <Comment><![CDATA[Lift cylinder retract]]></Comment>
         <IsInput>true</IsInput>
         <IoName><![CDATA[Input]]></IoName>
         <IoGroup>01</IoGroup>
         <IoDataType>BOOL</IoDataType>
        </Variable>
        <Variable>
         <Name><![CDATA[=100+M-B207A:4]]></Name>
         <Comment><![CDATA[Lift cylinder extend]]></Comment>
         <IsInput>true</IsInput>
         <IoName><![CDATA[Input]]></IoName>
         <IoGroup>02</IoGroup>
         <IoDataType>BOOL</IoDataType>
        </Variable>
        <Variable>
         <Name><![CDATA[=100+E-K019X2-A:4]]></Name>
         <Comment><![CDATA[reserve]]></Comment>
         <IsInput>true</IsInput>
         <IoName><![CDATA[Input]]></IoName>
         <IoGroup>03</IoGroup>
         <IoDataType>BOOL</IoDataType>
        </Variable>
        <Variable>
         <Name><![CDATA[=100+E-K019X2-B:4]]></Name>
         <Comment><![CDATA[reserve]]></Comment>
         <IsInput>true</IsInput>
         <IoName><![CDATA[Input]]></IoName>
         <IoGroup>04</IoGroup>
         <IoDataType>BOOL</IoDataType>
        </Variable>
        <Variable>
         <Name><![CDATA[=100+M-B501A:4]]></Name>
         <Comment><![CDATA[Changeover stop A]]></Comment>
         <IsInput>true</IsInput>
         <IoName><![CDATA[Input]]></IoName>
         <IoGroup>05</IoGroup>
         <IoDataType>BOOL</IoDataType>
        </Variable>
        <Variable>
         <Name><![CDATA[=100+M-B501B:4]]></Name>
         <Comment><![CDATA[Changeover stop B]]></Comment>
         <IsInput>true</IsInput>
         <IoName><![CDATA[Input]]></IoName>
         <IoGroup>06</IoGroup>
         <IoDataType>BOOL</IoDataType>
        </Variable>
        <Variable>
         <Name><![CDATA[=100+M-B501C:4]]></Name>
         <Comment><![CDATA[Changeover stop C]]></Comment>
         <IsInput>true</IsInput>
         <IoName><![CDATA[Input]]></IoName>
         <IoGroup>07</IoGroup>
         <IoDataType>BOOL</IoDataType>
        </Variable>
        <Variable>
         <Name><![CDATA[=100+M-B501D:4]]></Name>
         <Comment><![CDATA[Changeover stop D]]></Comment>
         <IsInput>true</IsInput>
         <IoName><![CDATA[Input]]></IoName>
         <IoGroup>08</IoGroup>
         <IoDataType>BOOL</IoDataType>
        </Variable>
       </Variables>
      </Box>
      <Box>
       <Name><![CDATA[=100+E-K020]]></Name>
       <Comment/>
       <Type>EP2008-0002</Type>
       <BoxNo>18</BoxNo>
       <Variables>
        <Variable>
         <Name><![CDATA[=100+E-K020X2-A:4]]></Name>
         <Comment><![CDATA[reserve]]></Comment>
         <IsInput>true</IsInput>
         <IoName><![CDATA[Input]]></IoName>
         <IoGroup>03</IoGroup>
         <IoDataType>BOOL</IoDataType>
        </Variable>
        <Variable>
         <Name><![CDATA[=100+E-K020X1-A:3]]></Name>
         <Comment><![CDATA[Safety door cylinder extend]]></Comment>
         <IsInput>true</IsInput>
         <IoName><![CDATA[Input]]></IoName>
         <IoGroup>03</IoGroup>
         <IoDataType>BOOL</IoDataType>
        </Variable>
        <Variable>
         <Name><![CDATA[=100+E-K020X2-B:4]]></Name>
         <Comment><![CDATA[reserve]]></Comment>
         <IsInput>true</IsInput>
         <IoName><![CDATA[Input]]></IoName>
         <IoGroup>04</IoGroup>
         <IoDataType>BOOL</IoDataType>
        </Variable>
        <Variable>
         <Name><![CDATA[=100+E-K020X1-B:3]]></Name>
         <Comment><![CDATA[Safety door cylinder retract]]></Comment>
         <IsInput>true</IsInput>
         <IoName><![CDATA[Input]]></IoName>
         <IoGroup>04</IoGroup>
         <IoDataType>BOOL</IoDataType>
        </Variable>
        <Variable>
         <Name><![CDATA[=100+E-K020X3-A:4]]></Name>
         <Comment><![CDATA[reserve]]></Comment>
         <IsInput>true</IsInput>
         <IoName><![CDATA[Input]]></IoName>
         <IoGroup>05</IoGroup>
         <IoDataType>BOOL</IoDataType>
        </Variable>
        <Variable>
         <Name><![CDATA[=100+E-K020X3-B:4]]></Name>
         <Comment><![CDATA[reserve]]></Comment>
         <IsInput>true</IsInput>
         <IoName><![CDATA[Input]]></IoName>
         <IoGroup>06</IoGroup>
         <IoDataType>BOOL</IoDataType>
        </Variable>
        <Variable>
         <Name><![CDATA[=100+E-K020X4-A:4]]></Name>
         <Comment><![CDATA[reserve]]></Comment>
         <IsInput>true</IsInput>
         <IoName><![CDATA[Input]]></IoName>
         <IoGroup>07</IoGroup>
         <IoDataType>BOOL</IoDataType>
        </Variable>
        <Variable>
         <Name><![CDATA[=100+E-K020X4-B:4]]></Name>
         <Comment><![CDATA[reserve]]></Comment>
         <IsInput>true</IsInput>
         <IoName><![CDATA[Input]]></IoName>
         <IoGroup>08</IoGroup>
         <IoDataType>BOOL</IoDataType>
        </Variable>
       </Variables>
      </Box>
      <Box>
       <Name><![CDATA[=100+E-K021]]></Name>
       <Comment/>
       <Type>EP6002-0002</Type>
       <BoxNo>19</BoxNo>
      </Box>
     </Boxes>
    </Interface>
   </Interfaces>
  </CPU>
 </CPUs>
</Project>
