﻿{
  "$schema": "http://json-schema.org/draft-04/schema#",
  "definitions": {
    "ModeIcon": {
      "definitions": {
        "Manual": {
          "type": "string",
          "title": "Manual",
          "description": "Manual"
        },
        "Auto": {
          "type": "string",
          "title": "Auto",
          "description": "Auto"
        }
      },
      "type": "string",
      "title": "mode icon",
      "description": "show mode image"
    },
    "UserCongtrol_LanguageSelect": {
      "frameworkControlNamespace": "TcHmi.Controls.Beckhoff",
      "frameworkControlType": "tchmi-user-control-host",
      "frameworkInstanceOf": "TcHmi.Controls.System.TcHmiControl",
      "frameworkUserControlConfig": "UserCongtrol\\LanguageSelect.usercontrol.json",
      "type": "object",
      "id": "tchmi:project#/definitions/UserCongtrol_LanguageSelect"
    },
    "UserCongtrol_Login_Form": {
      "frameworkControlNamespace": "TcHmi.Controls.Beckhoff",
      "frameworkControlType": "tchmi-user-control-host",
      "frameworkInstanceOf": "TcHmi.Controls.System.TcHmiControl",
      "frameworkUserControlConfig": "UserCongtrol\\Login_Form.usercontrol.json",
      "type": "object",
      "id": "tchmi:project#/definitions/UserCongtrol_Login_Form"
    },
    "UserCongtrol_ValidationTextBox": {
      "frameworkControlNamespace": "TcHmi.Controls.Beckhoff",
      "frameworkControlType": "tchmi-user-control-host",
      "frameworkInstanceOf": "TcHmi.Controls.System.TcHmiControl",
      "frameworkUserControlConfig": "UserCongtrol\\ValidationTextBox.usercontrol.json",
      "type": "object",
      "id": "tchmi:project#/definitions/UserCongtrol_ValidationTextBox"
    },
    "UserCongtrol_ValidationKeyBoard": {
      "frameworkControlNamespace": "TcHmi.Controls.Beckhoff",
      "frameworkControlType": "tchmi-user-control-host",
      "frameworkInstanceOf": "TcHmi.Controls.System.TcHmiControl",
      "frameworkUserControlConfig": "UserCongtrol\\ValidationKeyBoard.usercontrol.json",
      "type": "object",
      "id": "tchmi:project#/definitions/UserCongtrol_ValidationKeyBoard"
    },
    "UserCongtrol_Led": {
      "frameworkControlNamespace": "TcHmi.Controls.Beckhoff",
      "frameworkControlType": "tchmi-user-control-host",
      "frameworkInstanceOf": "TcHmi.Controls.System.TcHmiControl",
      "frameworkUserControlConfig": "UserCongtrol\\Led.usercontrol.json",
      "type": "object",
      "id": "tchmi:project#/definitions/UserCongtrol_Led"
    },
    "UserCongtrol_CylinderStandard": {
      "frameworkControlNamespace": "TcHmi.Controls.Beckhoff",
      "frameworkControlType": "tchmi-user-control-host",
      "frameworkInstanceOf": "TcHmi.Controls.System.TcHmiControl",
      "frameworkUserControlConfig": "UserCongtrol\\CylinderStandard.usercontrol.json",
      "type": "object",
      "id": "tchmi:project#/definitions/UserCongtrol_CylinderStandard"
    },
    "UserCongtrol_TabButton": {
      "frameworkControlNamespace": "TcHmi.Controls.Beckhoff",
      "frameworkControlType": "tchmi-user-control-host",
      "frameworkInstanceOf": "TcHmi.Controls.System.TcHmiControl",
      "frameworkUserControlConfig": "UserCongtrol\\TabButton.usercontrol.json",
      "type": "object",
      "id": "tchmi:project#/definitions/UserCongtrol_TabButton"
    },
    "UserCongtrol_ThemeSelect": {
      "frameworkControlNamespace": "TcHmi.Controls.Beckhoff",
      "frameworkControlType": "tchmi-user-control-host",
      "frameworkInstanceOf": "TcHmi.Controls.System.TcHmiControl",
      "frameworkUserControlConfig": "UserCongtrol\\ThemeSelect.usercontrol.json",
      "type": "object",
      "id": "tchmi:project#/definitions/UserCongtrol_ThemeSelect"
    }
  }
}