﻿{
  "$schema": "C:/TwinCAT/Functions/TE2000-HMI-Engineering/Infrastructure/TcHmiFramework/Latest/Schema/TchmiConfig.Schema.json",
  "basePath": "./Libraries",
  "locale": "client",
  "scaleMode": "None",
  "startupView": "Desktop.view",
  "loginPage": "/html/CustomLogin.html",
  "tcHmiServer": {
    "websocketIntervalTime": 500,
    "websocketTimeout": 10000,
    "websocketSubscriptionMode": "Change"
  },
  "activeTheme": "Base",
  "themes": {
    "Base": {
      "resources": [
        {
          "name": "Themes/Base/Base.theme",
          "description": "",
          "type": "ThemedValues"
        },
        {
          "name": "Themes/Base/Style.css",
          "description": "",
          "type": "Stylesheet"
        }
      ],
      "replacesThemeForControls": []
    },
    "Custom1": {
      "resources": [
        {
          "name": "Themes/Custom1/Style.css",
          "description": "",
          "type": "Stylesheet"
        },
        {
          "name": "Themes/Custom1/Custom1.theme",
          "description": "",
          "type": "ThemedValues"
        }
      ],
      "replacesThemeForControls": []
    },
    "Custom2": {
      "resources": [
        {
          "name": "Themes/Custom2/Style.css",
          "description": "",
          "type": "Stylesheet"
        },
        {
          "name": "Themes/Custom2/Custom2.theme",
          "description": "",
          "type": "ThemedValues"
        }
      ],
      "replacesThemeForControls": []
    }
  },
  "dependencyFiles": [
    {
      "name": "Fonts/Fonts.css",
      "description": "",
      "type": "Stylesheet"
    }
  ],
  "userControls": [
    {
      "url": "UserCongtrol/CylinderStandard.usercontrol"
    },
    {
      "url": "UserCongtrol/LanguageSelect.usercontrol"
    },
    {
      "url": "UserCongtrol/Led.usercontrol"
    },
    {
      "url": "UserCongtrol/Login_Form.usercontrol"
    },
    {
      "url": "UserCongtrol/TabButton.usercontrol"
    },
    {
      "url": "UserCongtrol/ThemeSelect.usercontrol"
    },
    {
      "url": "UserCongtrol/ValidationKeyBoard.usercontrol"
    },
    {
      "url": "UserCongtrol/ValidationTextBox.usercontrol"
    }
  ],
  "content": [
    {
      "url": "Pages/BasePage/StandardCylinder.content",
      "preload": false
    },
    {
      "url": "Pages/Station1/Overview1.content",
      "preload": false
    },
    {
      "url": "Pages/Station1/Station1_Show.content",
      "preload": false
    },
    {
      "url": "Pages/Content1.content",
      "preload": false
    },
    {
      "url": "Pages/Content2.content",
      "preload": false
    },
    {
      "url": "Pages/Content3.content",
      "preload": false
    },
    {
      "url": "Pages/Content4.content",
      "preload": false
    }
  ],
  "views": [
    {
      "url": "Desktop.view",
      "preload": true
    }
  ],
  "userFunctions": [
    {
      "url": "Functions/LoadContent.js"
    },
    {
      "url": "Functions/Symbol/GetNameFromSymbol.js"
    },
    {
      "url": "Functions/Symbol/GetSymbolStringFromSymbol.js"
    },
    {
      "url": "Functions/Symbol/WriteToSymbol_INT.js"
    },
    {
      "url": "Functions/Symbol/WriteToSymbol_REAL.js"
    },
    {
      "url": "Functions/PopUp/PopupCloseThis.js"
    },
    {
      "url": "Functions/PopUp/PopupOpen.js"
    },
    {
      "url": "CodeBehind/KeyBoard/isMobile.js"
    },
    {
      "url": "CodeBehind/KeyBoard/isFocused.js"
    },
    {
      "url": "Functions/Login/LoginUser.js"
    },
    {
      "url": "Functions/locale/GetLocalText.js"
    }
  ],
  "symbols": {
    "internal": {
      "MenuTreeWidthSet": {
        "value": 200.0,
        "type": "tchmi:general#/definitions/Number",
        "persist": false,
        "readonly": false
      },
      "MinValue": {
        "value": 0.0,
        "type": "tchmi:general#/definitions/Number",
        "persist": false,
        "readonly": false
      },
      "MaxValue": {
        "value": 0.0,
        "type": "tchmi:general#/definitions/Number",
        "persist": false,
        "readonly": false
      },
      "InputType": {
        "value": "Number",
        "type": "tchmi:general#/definitions/String",
        "persist": false,
        "readonly": false
      },
      "TrueAlways": {
        "value": true,
        "type": "tchmi:general#/definitions/BOOL",
        "persist": false,
        "readonly": true
      }
    }
  },
  "trigger": [],
  "actionTemplates": [],
  "languages": {
    "de-DE": "Localization\\de-DE.localization",
    "en-US": "Localization\\en-US.localization",
    "zh-CN": "Localization\\zh-CN.localization"
  },
  "creatorSettings": {
    "viewport": {
      "defaultWidth": 1024,
      "defaultHeight": 768
    }
  }
}