﻿{
  "function": {
    "name": "WriteToSymbol_INT",
    "displayName": "WriteToSymbol_INT",
    "visible": true,
    "category": "",
    "waitMode": "Synchronous",
    "injectContextObject": false,
    "description": "",
    "returnValue": {
      "type": "tchmi:general#/definitions/String"
    },
    "arguments": [
      {
        "name": "Symbolstring",
        "displayName": "Symbol",
        "type": "tchmi:general#/definitions/String",
        "description": "This is an important Parameter which does... This text is used in a tooltip.",
        "defaultValue": "",
        "required": true,
        "bindable": true,
        "restParameter": false,
        "asReference": false
      }
    ]
  },
  "$schema": "C:/TwinCAT/Functions/TE2000-HMI-Engineering/Infrastructure/TcHmiFramework/Latest/Schema/FunctionDescription.Schema.json"
}