﻿{
  "function": {
    "name": "WriteToSymbol_REAL",
    "displayName": "WriteToSymbol_REAL",
    "visible": true,
    "category": "",
    "waitMode": "Synchronous",
    "injectContextObject": true,
    "description": "",
    "returnValue": {
      "type": "tchmi:general#/definitions/REAL"
    },
    "arguments": [
      {
        "name": "ctx",
        "displayName": "ctx",
        "type": "tchmi:framework#/definitions/ContextReference",
        "description": "Context Reference",
        "defaultValue": "",
        "required": true,
        "bindable": false,
        "restParameter": false,
        "asReference": false
      },
      {
        "name": "SymbolString",
        "displayName": "SymbolString",
        "type": "tchmi:general#/definitions/String",
        "description": "The Symbol to write the value to",
        "defaultValue": "",
        "required": true,
        "bindable": true,
        "restParameter": false,
        "asReference": false
      },
      {
        "name": "KeyboardString",
        "displayName": "KeyboardString",
        "type": "tchmi:general#/definitions/String",
        "description": "The keyboard control itself",
        "defaultValue": "",
        "required": true,
        "bindable": true,
        "restParameter": false,
        "asReference": false
      }
    ]
  },
  "$schema": "C:/TwinCAT/Functions/TE2000-HMI-Engineering/Infrastructure/TcHmiFramework/Latest/Schema/FunctionDescription.Schema.json"
}