﻿{
  "function": {
    "name": "LoadContent",
    "displayName": "LoadContent",
    "visible": true,
    "category": "",
    "injectContextObject": false,
    "description": "",
    "returnValue": {
      "type": "tchmi:general#/definitions/String",
      "description": ""
    },
    "arguments": [
      {
        "name": "TargetRegion",
        "displayName": "TargetRegion",
        "type": "tchmi:framework#/definitions/Control",
        "description": "Region to show the content.",
        "defaultValue": "",
        "required": true,
        "bindable": true,
        "restParameter": false,
        "asReference": false
      },
      {
        "name": "PageName",
        "displayName": "PageName",
        "type": "tchmi:general#/definitions/String",
        "description": "Page to load.",
        "defaultValue": "",
        "required": true,
        "bindable": true,
        "restParameter": false,
        "asReference": false
      }
    ]
  },
  "$schema": "C:/TwinCAT/Functions/TE2000-HMI-Engineering/Infrastructure/TcHmiFramework/Latest/Schema/FunctionDescription.Schema.json"
}