<?xml version="1.0"?>
<TcEventSources Version="2">
	<Source>
		<GUID>{73D33131-C147-4AC1-A46E-CE2E22EB40EA}</GUID>
		<Name LcId="1033">MexanEvent</Name>
		<Event>
			<Id>1</Id>
			<Message LcId="2052">主气压未到达4.5Pa</Message>
			<Message LcId="1033">MainAirPressureNotRecah</Message>
		</Event>
		<Event>
			<Id>2</Id>
			<Message LcId="2052">急停开关{0}被按下</Message>
			<Message LcId="1033">Emergency Stop{0} is pressed</Message>
		</Event>
		<Event>
			<Id>3</Id>
			<Message LcId="2052">{0}期望值=1</Message>
			<Message LcId="1033">{0} expected = 1</Message>
		</Event>
		<Event>
			<Id>4</Id>
			<Message LcId="1033">Safety Dooropened : {0}</Message>
		</Event>
		<Event>
			<Id>5</Id>
			<Message LcId="1033">Control on button pressed when key is turned</Message>
		</Event>
		<Event>
			<Id>6</Id>
			<Message LcId="1033">control on button pressed when door is bridged</Message>
		</Event>
	</Source>
</TcEventSources>
