﻿{
  "function": {
    "name": "PopupCloseThis",
    "displayName": "PopupCloseThis",
    "visible": true,
    "category": "Popup",
    "waitMode": "Synchronous",
    "injectContextObject": false,
    "description": "Closes the object it is called from",
    "returnValue": {
      "type": "tchmi:general#/definitions/String"
    },
    "arguments": [
      {
        "name": "objectAround",
        "displayName": "objectAround",
        "type": "tchmi:general#/definitions/Object",
        "description": "",
        "defaultValue": "{}",
        "required": true,
        "bindable": true,
        "restParameter": false,
        "asReference": false
      }
    ]
  },
  "$schema": "C:/TwinCAT/Functions/TE2000-HMI-Engineering/Infrastructure/TcHmiFramework/Latest/Schema/FunctionDescription.Schema.json"
}