{
    "USERS": {
        "User1": {
            "ENABLED": true,
            "PASSWORD": "9becac82297a25873af787fd9a36cb29d29f90d86e1bb3fa6f74ae7c0e461466",
            "SALT": "n/cmP1sjgwiCPwaBFULWF2DFD7JJWiriOsGxnH0nW3QWbLq/aA+y2ja0F3z0iJq9/jC0zLZquO08GsgY7m/bAA=="
        },
        "__SystemAdministrator": {
            "ENABLED": false,
            "PASSWORD": "",
            "SALT": ""
        },
        "__SystemGuest": {
            "ENABLED": true,
            "PASSWORD": "",
            "SALT": ""
        }
    }
}